{
  "run_stamp": "0404_1335",
  "mode": "atcnet",
  "protocol": "LOSO",
  "seed": 42,
  "epochs": 40,
  "batch_size": 32,
  "lr": 0.001,
  "n_trials": 5220,
  "n_subjects": 29,
  "n_folds": 29,
  "summary": {
    "accuracy": {
      "mean": 0.6796934865900384,
      "std": 0.12515665547001997
    },
    "balanced_accuracy": {
      "mean": 0.6796934865900384,
      "std": 0.12515665547001997
    },
    "precision_macro": {
      "mean": 0.6932349245752503,
      "std": 0.12980917260048613
    },
    "recall_macro": {
      "mean": 0.6796934865900384,
      "std": 0.12515665547001997
    },
    "f1_macro": {
      "mean": 0.6687550745046505,
      "std": 0.1353110216993905
    },
    "kappa": {
      "mean": 0.3593869731800768,
      "std": 0.25031331094003995
    },
    "auc": {
      "mean": 0.7495125585355471,
      "std": 0.1503197372356044
    },
    "loss": {
      "mean": 1.232230145608898,
      "std": 0.6429783898319905
    }
  },
  "fold_results": [
    {
      "subject_id": 1,
      "n_test": 180,
      "train_time_seconds": 89.47412989998702,
      "test_time_seconds": 0.05427879997296259,
      "metrics": {
        "accuracy": 0.7944444444444444,
        "balanced_accuracy": 0.7944444444444445,
        "precision_macro": 0.8190635451505017,
        "recall_macro": 0.7944444444444445,
        "f1_macro": 0.7904012588512981,
        "kappa": 0.5888888888888889,
        "auc": 0.92,
        "loss": 0.6379082567161984
      }
    },
    {
      "subject_id": 2,
      "n_test": 180,
      "train_time_seconds": 86.29176470002858,
      "test_time_seconds": 0.04203120002057403,
      "metrics": {
        "accuracy": 0.7777777777777778,
        "balanced_accuracy": 0.7777777777777778,
        "precision_macro": 0.78125,
        "recall_macro": 0.7777777777777778,
        "f1_macro": 0.7770897832817337,
        "kappa": 0.5555555555555556,
        "auc": 0.8601234567901234,
        "loss": 0.768913639916314
      }
    },
    {
      "subject_id": 3,
      "n_test": 180,
      "train_time_seconds": 90.73665739997523,
      "test_time_seconds": 0.047320400015451014,
      "metrics": {
        "accuracy": 0.7055555555555556,
        "balanced_accuracy": 0.7055555555555556,
        "precision_macro": 0.7593861972269824,
        "recall_macro": 0.7055555555555556,
        "f1_macro": 0.6894430157231681,
        "kappa": 0.4111111111111111,
        "auc": 0.811604938271605,
        "loss": 1.0685950292481317
      }
    },
    {
      "subject_id": 4,
      "n_test": 180,
      "train_time_seconds": 89.17235739994794,
      "test_time_seconds": 0.04732389998389408,
      "metrics": {
        "accuracy": 0.5277777777777778,
        "balanced_accuracy": 0.5277777777777778,
        "precision_macro": 0.5279468389019998,
        "recall_macro": 0.5277777777777778,
        "f1_macro": 0.5270625328428796,
        "kappa": 0.05555555555555558,
        "auc": 0.5244444444444445,
        "loss": 1.4836009118292066
      }
    },
    {
      "subject_id": 5,
      "n_test": 180,
      "train_time_seconds": 88.25395500002196,
      "test_time_seconds": 0.05229039996629581,
      "metrics": {
        "accuracy": 0.6055555555555555,
        "balanced_accuracy": 0.6055555555555555,
        "precision_macro": 0.6058823529411765,
        "recall_macro": 0.6055555555555555,
        "f1_macro": 0.6052509652509652,
        "kappa": 0.21111111111111114,
        "auc": 0.6396296296296295,
        "loss": 2.1024361345503064
      }
    },
    {
      "subject_id": 6,
      "n_test": 180,
      "train_time_seconds": 88.74178919999395,
      "test_time_seconds": 0.05395370000042021,
      "metrics": {
        "accuracy": 0.6333333333333333,
        "balanced_accuracy": 0.6333333333333333,
        "precision_macro": 0.6435406698564593,
        "recall_macro": 0.6333333333333333,
        "f1_macro": 0.6266968325791855,
        "kappa": 0.2666666666666667,
        "auc": 0.6593827160493827,
        "loss": 1.9965302520328099
      }
    },
    {
      "subject_id": 7,
      "n_test": 180,
      "train_time_seconds": 88.18807199998992,
      "test_time_seconds": 0.04861769999843091,
      "metrics": {
        "accuracy": 0.5444444444444444,
        "balanced_accuracy": 0.5444444444444444,
        "precision_macro": 0.5446428571428572,
        "recall_macro": 0.5444444444444444,
        "f1_macro": 0.5439377085650723,
        "kappa": 0.0888888888888889,
        "auc": 0.5344444444444445,
        "loss": 2.0106411993503572
      }
    },
    {
      "subject_id": 8,
      "n_test": 180,
      "train_time_seconds": 88.87520900001982,
      "test_time_seconds": 0.05173870001453906,
      "metrics": {
        "accuracy": 0.7722222222222223,
        "balanced_accuracy": 0.7722222222222223,
        "precision_macro": 0.7763504198521118,
        "recall_macro": 0.7722222222222223,
        "f1_macro": 0.7713683819201338,
        "kappa": 0.5444444444444445,
        "auc": 0.8713580246913579,
        "loss": 0.6748458729849921
      }
    },
    {
      "subject_id": 9,
      "n_test": 180,
      "train_time_seconds": 89.9978306000121,
      "test_time_seconds": 0.04496100003598258,
      "metrics": {
        "accuracy": 0.9444444444444444,
        "balanced_accuracy": 0.9444444444444444,
        "precision_macro": 0.9453240969816923,
        "recall_macro": 0.9444444444444444,
        "f1_macro": 0.9444169960474309,
        "kappa": 0.8888888888888888,
        "auc": 0.987283950617284,
        "loss": 0.15992558527116973
      }
    },
    {
      "subject_id": 10,
      "n_test": 180,
      "train_time_seconds": 88.8384438000503,
      "test_time_seconds": 0.0486055999645032,
      "metrics": {
        "accuracy": 0.5666666666666667,
        "balanced_accuracy": 0.5666666666666667,
        "precision_macro": 0.5793650793650794,
        "recall_macro": 0.5666666666666667,
        "f1_macro": 0.548611111111111,
        "kappa": 0.1333333333333333,
        "auc": 0.6277777777777778,
        "loss": 1.6171446217430963
      }
    },
    {
      "subject_id": 11,
      "n_test": 180,
      "train_time_seconds": 88.16455210000277,
      "test_time_seconds": 0.05059200001414865,
      "metrics": {
        "accuracy": 0.6111111111111112,
        "balanced_accuracy": 0.611111111111111,
        "precision_macro": 0.618172268907563,
        "recall_macro": 0.611111111111111,
        "f1_macro": 0.6052136859255546,
        "kappa": 0.2222222222222222,
        "auc": 0.654320987654321,
        "loss": 1.1066601382361518
      }
    },
    {
      "subject_id": 12,
      "n_test": 180,
      "train_time_seconds": 88.35019210004248,
      "test_time_seconds": 0.0470678000128828,
      "metrics": {
        "accuracy": 0.5555555555555556,
        "balanced_accuracy": 0.5555555555555556,
        "precision_macro": 0.5776397515527951,
        "recall_macro": 0.5555555555555556,
        "f1_macro": 0.5215311004784688,
        "kappa": 0.11111111111111116,
        "auc": 0.6439506172839506,
        "loss": 1.5700468328264026
      }
    },
    {
      "subject_id": 13,
      "n_test": 180,
      "train_time_seconds": 89.17571079998743,
      "test_time_seconds": 0.047457699954975396,
      "metrics": {
        "accuracy": 0.6444444444444445,
        "balanced_accuracy": 0.6444444444444444,
        "precision_macro": 0.6455948232951718,
        "recall_macro": 0.6444444444444444,
        "f1_macro": 0.6437407224146462,
        "kappa": 0.28888888888888886,
        "auc": 0.6796296296296297,
        "loss": 1.2336684756808811
      }
    },
    {
      "subject_id": 14,
      "n_test": 180,
      "train_time_seconds": 88.37473239999963,
      "test_time_seconds": 0.04440700000850484,
      "metrics": {
        "accuracy": 0.5388888888888889,
        "balanced_accuracy": 0.5388888888888889,
        "precision_macro": 0.5478796169630643,
        "recall_macro": 0.5388888888888889,
        "f1_macro": 0.516176041970271,
        "kappa": 0.07777777777777772,
        "auc": 0.6274074074074074,