{
  "run_stamp": "0404_2219",
  "mode": "atcnet",
  "protocol": "LOSO",
  "seed": 42,
  "epochs": 40,
  "batch_size": 32,
  "lr": 0.001,
  "n_trials": 5220,
  "n_subjects": 29,
  "n_folds": 29,
  "summary": {
    "accuracy": {
      "mean": 0.686015325670498,
      "std": 0.13269208141127878
    },
    "balanced_accuracy": {
      "mean": 0.686015325670498,
      "std": 0.13269208141127878
    },
    "precision_macro": {
      "mean": 0.6950190951417985,
      "std": 0.13575399334008798
    },
    "recall_macro": {
      "mean": 0.686015325670498,
      "std": 0.13269208141127878
    },
    "f1_macro": {
      "mean": 0.6791065976011373,
      "std": 0.1384113664978313
    },
    "kappa": {
      "mean": 0.3720306513409962,
      "std": 0.26538416282255756
    },
    "auc": {
      "mean": 0.7510025542784164,
      "std": 0.1535061243428475
    },
    "loss": {
      "mean": 1.2680194124533037,
      "std": 0.7758536096610192
    }
  },
  "fold_results": [
    {
      "subject_id": 1,
      "n_test": 180,
      "train_time_seconds": 131.62216079997597,
      "test_time_seconds": 0.14344479999272153,
      "metrics": {
        "accuracy": 0.7777777777777778,
        "balanced_accuracy": 0.7777777777777778,
        "precision_macro": 0.7779150197628458,
        "recall_macro": 0.7777777777777778,
        "f1_macro": 0.7777503395480924,
        "kappa": 0.5555555555555556,
        "auc": 0.8775308641975309,
        "loss": 0.8592793683211009
      }
    },
    {
      "subject_id": 2,
      "n_test": 180,
      "train_time_seconds": 124.0819213000359,
      "test_time_seconds": 0.0685014000046067,
      "metrics": {
        "accuracy": 0.8555555555555555,
        "balanced_accuracy": 0.8555555555555556,
        "precision_macro": 0.8583872573419612,
        "recall_macro": 0.8555555555555556,
        "f1_macro": 0.85526966848095,
        "kappa": 0.7111111111111111,
        "auc": 0.9164197530864198,
        "loss": 0.4186231990655263
      }
    },
    {
      "subject_id": 3,
      "n_test": 180,
      "train_time_seconds": 133.1106649999856,
      "test_time_seconds": 0.06264040002133697,
      "metrics": {
        "accuracy": 0.7166666666666667,
        "balanced_accuracy": 0.7166666666666667,
        "precision_macro": 0.7552727272727273,
        "recall_macro": 0.7166666666666667,
        "f1_macro": 0.705533279871692,
        "kappa": 0.43333333333333335,
        "auc": 0.8485185185185184,
        "loss": 0.8342370741897159
      }
    },
    {
      "subject_id": 4,
      "n_test": 180,
      "train_time_seconds": 126.19894680002471,
      "test_time_seconds": 0.0629835000145249,
      "metrics": {
        "accuracy": 0.6055555555555555,
        "balanced_accuracy": 0.6055555555555555,
        "precision_macro": 0.6058823529411765,
        "recall_macro": 0.6055555555555555,
        "f1_macro": 0.6052509652509652,
        "kappa": 0.21111111111111114,
        "auc": 0.6192592592592593,
        "loss": 1.4406952851348453
      }
    },
    {
      "subject_id": 5,
      "n_test": 180,
      "train_time_seconds": 139.94377479999093,
      "test_time_seconds": 0.07381590001750737,
      "metrics": {
        "accuracy": 0.5444444444444444,
        "balanced_accuracy": 0.5444444444444444,
        "precision_macro": 0.545,
        "recall_macro": 0.5444444444444444,
        "f1_macro": 0.5430340557275541,
        "kappa": 0.0888888888888889,
        "auc": 0.5593827160493827,
        "loss": 3.467456494437324
      }
    },
    {
      "subject_id": 6,
      "n_test": 180,
      "train_time_seconds": 130.1375867999741,
      "test_time_seconds": 0.060069300001487136,
      "metrics": {
        "accuracy": 0.6166666666666667,
        "balanced_accuracy": 0.6166666666666667,
        "precision_macro": 0.619152691968226,
        "recall_macro": 0.6166666666666667,
        "f1_macro": 0.6146566969687568,
        "kappa": 0.23333333333333328,
        "auc": 0.6706172839506173,
        "loss": 1.2488758590486315
      }
    },
    {
      "subject_id": 7,
      "n_test": 180,
      "train_time_seconds": 122.7425592999789,
      "test_time_seconds": 0.06632439995883033,
      "metrics": {
        "accuracy": 0.4888888888888889,
        "balanced_accuracy": 0.48888888888888893,
        "precision_macro": 0.4870391705069125,
        "recall_macro": 0.48888888888888893,
        "f1_macro": 0.4699782358212776,
        "kappa": -0.022222222222222143,
        "auc": 0.5034567901234568,
        "loss": 2.182256876097785
      }
    },
    {
      "subject_id": 8,
      "n_test": 180,
      "train_time_seconds": 127.20376459998079,
      "test_time_seconds": 0.06553990003885701,
      "metrics": {
        "accuracy": 0.7777777777777778,
        "balanced_accuracy": 0.7777777777777777,
        "precision_macro": 0.784665991902834,
        "recall_macro": 0.7777777777777777,
        "f1_macro": 0.776425288784002,
        "kappa": 0.5555555555555556,
        "auc": 0.8728395061728396,
        "loss": 0.7233173555798
      }
    },
    {
      "subject_id": 9,
      "n_test": 180,
      "train_time_seconds": 128.91169460001402,
      "test_time_seconds": 0.0704418999957852,
      "metrics": {
        "accuracy": 0.9333333333333333,
        "balanced_accuracy": 0.9333333333333333,
        "precision_macro": 0.9367844698855152,
        "recall_macro": 0.9333333333333333,
        "f1_macro": 0.9332013854527461,
        "kappa": 0.8666666666666667,
        "auc": 0.9906172839506173,
        "loss": 0.1666777833364904
      }
    },
    {
      "subject_id": 10,
      "n_test": 180,
      "train_time_seconds": 135.93795089999912,
      "test_time_seconds": 0.08111989998724312,
      "metrics": {
        "accuracy": 0.5611111111111111,
        "balanced_accuracy": 0.5611111111111111,
        "precision_macro": 0.5720000000000001,
        "recall_macro": 0.5611111111111111,
        "f1_macro": 0.5438652766639935,
        "kappa": 0.12222222222222223,
        "auc": 0.5818518518518518,
        "loss": 1.6944330109490289
      }
    },
    {
      "subject_id": 11,
      "n_test": 180,
      "train_time_seconds": 128.8696903999662,
      "test_time_seconds": 0.06271080003352836,
      "metrics": {
        "accuracy": 0.65,
        "balanced_accuracy": 0.6499999999999999,
        "precision_macro": 0.662541806020067,
        "recall_macro": 0.6499999999999999,
        "f1_macro": 0.6431156569630212,
        "kappa": 0.30000000000000004,
        "auc": 0.6871604938271606,
        "loss": 1.3831310245725843
      }
    },
    {
      "subject_id": 12,
      "n_test": 180,
      "train_time_seconds": 129.06797010003356,
      "test_time_seconds": 0.06344040000112727,
      "metrics": {
        "accuracy": 0.5777777777777777,
        "balanced_accuracy": 0.5777777777777777,
        "precision_macro": 0.5925925925925926,
        "recall_macro": 0.5777777777777777,
        "f1_macro": 0.5601851851851851,
        "kappa": 0.15555555555555556,
        "auc": 0.6332098765432099,
        "loss": 1.7454850355784097
      }
    },
    {
      "subject_id": 13,
      "n_test": 180,
      "train_time_seconds": 126.6032414000365,
      "test_time_seconds": 0.06555180001305416,
      "metrics": {
        "accuracy": 0.6277777777777778,
        "balanced_accuracy": 0.6277777777777778,
        "precision_macro": 0.6505454545454545,
        "recall_macro": 0.6277777777777778,
        "f1_macro": 0.6131515637530072,
        "kappa": 0.25555555555555554,
        "auc": 0.7345679012345679,
        "loss": 1.5236188941531712
      }
    },
    {
      "subject_id": 14,
      "n_test": 180,
      "train_time_seconds": 126.85570720001124,
      "test_time_seconds": 0.06265829998301342,
      "metrics": {
        "accuracy": 0.6888888888888889,
        "balanced_accuracy": 0.6888888888888889,
        "precision_macro": 0.7033492822966507,
        "recall_macro": 0.6888888888888889,
        "f1_macro": 0.6832579185520362,
        "kappa": 0.37777777777777777,
        "auc": 0.7408641975308643,