{
  "run_stamp": "0404_1950",
  "mode": "atcnet",
  "protocol": "LOSO",
  "seed": 42,
  "epochs": 40,
  "batch_size": 32,
  "lr": 0.001,
  "n_trials": 5220,
  "n_subjects": 29,
  "n_folds": 29,
  "summary": {
    "accuracy": {
      "mean": 0.682950191570881,
      "std": 0.12772541227264728
    },
    "balanced_accuracy": {
      "mean": 0.682950191570881,
      "std": 0.1277254122726473
    },
    "precision_macro": {
      "mean": 0.6955604892108176,
      "std": 0.12987422097057574
    },
    "recall_macro": {
      "mean": 0.682950191570881,
      "std": 0.1277254122726473
    },
    "f1_macro": {
      "mean": 0.6771896255748279,
      "std": 0.12968974711041215
    },
    "kappa": {
      "mean": 0.3659003831417625,
      "std": 0.25545082454529455
    },
    "auc": {
      "mean": 0.7541783737760749,
      "std": 0.15008736242800805
    },
    "loss": {
      "mean": 1.1781613941828923,
      "std": 0.7035720579230204
    }
  },
  "fold_results": [
    {
      "subject_id": 1,
      "n_test": 180,
      "train_time_seconds": 129.0771103000152,
      "test_time_seconds": 0.07161349995294586,
      "metrics": {
        "accuracy": 0.8722222222222222,
        "balanced_accuracy": 0.8722222222222222,
        "precision_macro": 0.8722681812569453,
        "recall_macro": 0.8722222222222222,
        "f1_macro": 0.8722182783419241,
        "kappa": 0.7444444444444445,
        "auc": 0.94,
        "loss": 0.37658359474605985
      }
    },
    {
      "subject_id": 2,
      "n_test": 180,
      "train_time_seconds": 124.92814039997756,
      "test_time_seconds": 0.05974890000652522,
      "metrics": {
        "accuracy": 0.7555555555555555,
        "balanced_accuracy": 0.7555555555555555,
        "precision_macro": 0.7662037037037037,
        "recall_macro": 0.7555555555555555,
        "f1_macro": 0.7530864197530864,
        "kappa": 0.5111111111111111,
        "auc": 0.858641975308642,
        "loss": 0.7185207900073793
      }
    },
    {
      "subject_id": 3,
      "n_test": 180,
      "train_time_seconds": 126.80711669998709,
      "test_time_seconds": 0.06228059995919466,
      "metrics": {
        "accuracy": 0.7222222222222222,
        "balanced_accuracy": 0.7222222222222222,
        "precision_macro": 0.8214285714285714,
        "recall_macro": 0.7222222222222222,
        "f1_macro": 0.6989966555183946,
        "kappa": 0.4444444444444444,
        "auc": 0.9218518518518518,
        "loss": 0.8680501639842987
      }
    },
    {
      "subject_id": 4,
      "n_test": 180,
      "train_time_seconds": 124.06186900002649,
      "test_time_seconds": 0.062002999999094754,
      "metrics": {
        "accuracy": 0.5611111111111111,
        "balanced_accuracy": 0.5611111111111111,
        "precision_macro": 0.5613003095975232,
        "recall_macro": 0.5611111111111111,
        "f1_macro": 0.5607722007722008,
        "kappa": 0.12222222222222223,
        "auc": 0.5928395061728395,
        "loss": 1.4822848108079698
      }
    },
    {
      "subject_id": 5,
      "n_test": 180,
      "train_time_seconds": 124.72231639997335,
      "test_time_seconds": 0.06211360002635047,
      "metrics": {
        "accuracy": 0.5722222222222222,
        "balanced_accuracy": 0.5722222222222222,
        "precision_macro": 0.5805896128943381,
        "recall_macro": 0.5722222222222222,
        "f1_macro": 0.560822586266992,
        "kappa": 0.1444444444444445,
        "auc": 0.5259876543209876,
        "loss": 3.622580215666029
      }
    },
    {
      "subject_id": 6,
      "n_test": 180,
      "train_time_seconds": 125.28422240004875,
      "test_time_seconds": 0.06650399998761714,
      "metrics": {
        "accuracy": 0.5944444444444444,
        "balanced_accuracy": 0.5944444444444444,
        "precision_macro": 0.6053864168618267,
        "recall_macro": 0.5944444444444444,
        "f1_macro": 0.5836369973700053,
        "kappa": 0.18888888888888888,
        "auc": 0.6419753086419753,
        "loss": 1.4648570537567138
      }
    },
    {
      "subject_id": 7,
      "n_test": 180,
      "train_time_seconds": 124.93746159999864,
      "test_time_seconds": 0.06325080001261085,
      "metrics": {
        "accuracy": 0.5277777777777778,
        "balanced_accuracy": 0.5277777777777777,
        "precision_macro": 0.5278086763070078,
        "recall_macro": 0.5277777777777777,
        "f1_macro": 0.5276465684912476,
        "kappa": 0.05555555555555558,
        "auc": 0.5735802469135803,
        "loss": 1.6013583487934537
      }
    },
    {
      "subject_id": 8,
      "n_test": 180,
      "train_time_seconds": 125.20976429997245,
      "test_time_seconds": 0.06345369998598471,
      "metrics": {
        "accuracy": 0.7833333333333333,
        "balanced_accuracy": 0.7833333333333333,
        "precision_macro": 0.7938164127512481,
        "recall_macro": 0.7833333333333333,
        "f1_macro": 0.7813833265859051,
        "kappa": 0.5666666666666667,
        "auc": 0.8479012345679012,
        "loss": 0.9289098223050435
      }
    },
    {
      "subject_id": 9,
      "n_test": 180,
      "train_time_seconds": 128.50762759998906,
      "test_time_seconds": 0.06152049999218434,
      "metrics": {
        "accuracy": 0.9833333333333333,
        "balanced_accuracy": 0.9833333333333334,
        "precision_macro": 0.983393011482899,
        "recall_macro": 0.9833333333333334,
        "f1_macro": 0.983332818914164,
        "kappa": 0.9666666666666667,
        "auc": 0.9992592592592592,
        "loss": 0.04111832707292504
      }
    },
    {
      "subject_id": 10,
      "n_test": 180,
      "train_time_seconds": 128.95173239998985,
      "test_time_seconds": 0.06398769997758791,
      "metrics": {
        "accuracy": 0.5388888888888889,
        "balanced_accuracy": 0.538888888888889,
        "precision_macro": 0.5397175639894086,
        "recall_macro": 0.538888888888889,
        "f1_macro": 0.5364710992522727,
        "kappa": 0.07777777777777772,
        "auc": 0.5585185185185185,
        "loss": 1.7335888438754612
      }
    },
    {
      "subject_id": 11,
      "n_test": 180,
      "train_time_seconds": 133.17826229997445,
      "test_time_seconds": 0.07353439996950328,
      "metrics": {
        "accuracy": 0.6888888888888889,
        "balanced_accuracy": 0.6888888888888889,
        "precision_macro": 0.7125,
        "recall_macro": 0.6888888888888889,
        "f1_macro": 0.6799999999999999,
        "kappa": 0.37777777777777777,
        "auc": 0.7880246913580247,
        "loss": 0.7576847288343641
      }
    },
    {
      "subject_id": 12,
      "n_test": 180,
      "train_time_seconds": 126.22771030000877,
      "test_time_seconds": 0.06158460001461208,
      "metrics": {
        "accuracy": 0.6388888888888888,
        "balanced_accuracy": 0.6388888888888888,
        "precision_macro": 0.6505016722408027,
        "recall_macro": 0.6388888888888888,
        "f1_macro": 0.6317859952793077,
        "kappa": 0.2777777777777778,
        "auc": 0.7250617283950617,
        "loss": 1.1208774993817012
      }
    },
    {
      "subject_id": 13,
      "n_test": 180,
      "train_time_seconds": 140.95027039997512,
      "test_time_seconds": 0.06713270000182092,
      "metrics": {
        "accuracy": 0.6333333333333333,
        "balanced_accuracy": 0.6333333333333333,
        "precision_macro": 0.633399209486166,
        "recall_macro": 0.6333333333333333,
        "f1_macro": 0.6332880602543524,
        "kappa": 0.2666666666666667,
        "auc": 0.7600000000000001,
        "loss": 1.2233016994264392
      }
    },
    {
      "subject_id": 14,
      "n_test": 180,
      "train_time_seconds": 128.5866513000219,
      "test_time_seconds": 0.07079630001680925,
      "metrics": {
        "accuracy": 0.5666666666666667,
        "balanced_accuracy": 0.5666666666666667,
        "precision_macro": 0.5717703349282297,
        "recall_macro": 0.5666666666666667,
        "f1_macro": 0.5588235294117647,
        "kappa": 0.1333333333333333,
        "auc": 0.625432098765432,