{
  "run_stamp": "0406_0732",
  "mode": "atcnet",
  "protocol": "LOSO",
  "seed": 42,
  "epochs": 40,
  "batch_size": 32,
  "lr": 0.001,
  "n_trials": 5220,
  "n_subjects": 29,
  "n_folds": 29,
  "summary": {
    "accuracy": {
      "mean": 0.7515325670498084,
      "std": 0.10194208240553394
    },
    "balanced_accuracy": {
      "mean": 0.7515325670498084,
      "std": 0.10194208240553394
    },
    "precision_macro": {
      "mean": 0.7789807144720939,
      "std": 0.07676083687043833
    },
    "recall_macro": {
      "mean": 0.7515325670498084,
      "std": 0.10194208240553394
    },
    "f1_macro": {
      "mean": 0.7376495106654722,
      "std": 0.12305915877999318
    },
    "kappa": {
      "mean": 0.5030651340996168,
      "std": 0.2038841648110679
    },
    "auc": {
      "mean": 0.8502618135376756,
      "std": 0.07899232732378744
    },
    "loss": {
      "mean": 1.284827296245822,
      "std": 0.81327103893971
    }
  },
  "fold_results": [
    {
      "subject_id": 1,
      "n_test": 180,
      "train_time_seconds": 205.63452730001882,
      "test_time_seconds": 0.1287478000158444,
      "metrics": {
        "accuracy": 0.7944444444444444,
        "balanced_accuracy": 0.7944444444444444,
        "precision_macro": 0.798909637799223,
        "recall_macro": 0.7944444444444444,
        "f1_macro": 0.7936739056352426,
        "kappa": 0.5888888888888889,
        "auc": 0.8574074074074074,
        "loss": 1.2418003561233895
      }
    },
    {
      "subject_id": 2,
      "n_test": 180,
      "train_time_seconds": 202.60330550000072,
      "test_time_seconds": 0.11156639998080209,
      "metrics": {
        "accuracy": 0.7333333333333333,
        "balanced_accuracy": 0.7333333333333334,
        "precision_macro": 0.7334486166007905,
        "recall_macro": 0.7333333333333334,
        "f1_macro": 0.7333004074577109,
        "kappa": 0.4666666666666667,
        "auc": 0.8344444444444444,
        "loss": 0.8173902167214288
      }
    },
    {
      "subject_id": 3,
      "n_test": 180,
      "train_time_seconds": 200.97094180004206,
      "test_time_seconds": 0.08011969999643043,
      "metrics": {
        "accuracy": 0.7444444444444445,
        "balanced_accuracy": 0.7444444444444445,
        "precision_macro": 0.7631578947368421,
        "recall_macro": 0.7444444444444445,
        "f1_macro": 0.7398190045248869,
        "kappa": 0.48888888888888893,
        "auc": 0.8353086419753086,
        "loss": 1.2001979920599195
      }
    },
    {
      "subject_id": 4,
      "n_test": 180,
      "train_time_seconds": 201.43103400000837,
      "test_time_seconds": 0.09081630001310259,
      "metrics": {
        "accuracy": 0.7722222222222223,
        "balanced_accuracy": 0.7722222222222221,
        "precision_macro": 0.7878965922444183,
        "recall_macro": 0.7722222222222221,
        "f1_macro": 0.7690791326386933,
        "kappa": 0.5444444444444445,
        "auc": 0.8750617283950618,
        "loss": 0.9355887485875024
      }
    },
    {
      "subject_id": 5,
      "n_test": 180,
      "train_time_seconds": 201.10627369995927,
      "test_time_seconds": 0.0824002000153996,
      "metrics": {
        "accuracy": 0.6555555555555556,
        "balanced_accuracy": 0.6555555555555556,
        "precision_macro": 0.6988636363636364,
        "recall_macro": 0.6555555555555556,
        "f1_macro": 0.63572267920094,
        "kappa": 0.3111111111111111,
        "auc": 0.725246913580247,
        "loss": 1.9908655246098836
      }
    },
    {
      "subject_id": 6,
      "n_test": 180,
      "train_time_seconds": 201.26670999999624,
      "test_time_seconds": 0.0806942000053823,
      "metrics": {
        "accuracy": 0.8777777777777778,
        "balanced_accuracy": 0.8777777777777778,
        "precision_macro": 0.8794642857142857,
        "recall_macro": 0.8777777777777778,
        "f1_macro": 0.8776418242491657,
        "kappa": 0.7555555555555555,
        "auc": 0.9420987654320987,
        "loss": 0.5062688267893262
      }
    },
    {
      "subject_id": 7,
      "n_test": 180,
      "train_time_seconds": 201.68176970002241,
      "test_time_seconds": 0.08788250002544373,
      "metrics": {
        "accuracy": 0.6722222222222223,
        "balanced_accuracy": 0.6722222222222222,
        "precision_macro": 0.7748768472906404,
        "recall_macro": 0.6722222222222222,
        "f1_macro": 0.638468085106383,
        "kappa": 0.34444444444444444,
        "auc": 0.9177160493827161,
        "loss": 1.9198181417253282
      }
    },
    {
      "subject_id": 8,
      "n_test": 180,
      "train_time_seconds": 200.79556270001922,
      "test_time_seconds": 0.08776329999091104,
      "metrics": {
        "accuracy": 0.8388888888888889,
        "balanced_accuracy": 0.8388888888888889,
        "precision_macro": 0.8514274740750224,
        "recall_macro": 0.8388888888888889,
        "f1_macro": 0.8374388838715705,
        "kappa": 0.6777777777777778,
        "auc": 0.9217901234567902,
        "loss": 0.6716477337810728
      }
    },
    {
      "subject_id": 9,
      "n_test": 180,
      "train_time_seconds": 202.17626899998868,
      "test_time_seconds": 0.08849639998516068,
      "metrics": {
        "accuracy": 0.8722222222222222,
        "balanced_accuracy": 0.8722222222222222,
        "precision_macro": 0.8733746130030959,
        "recall_macro": 0.8722222222222222,
        "f1_macro": 0.8721235521235522,
        "kappa": 0.7444444444444445,
        "auc": 0.9446296296296297,
        "loss": 0.5007088869810105
      }
    },
    {
      "subject_id": 10,
      "n_test": 180,
      "train_time_seconds": 202.86681530001806,
      "test_time_seconds": 0.08341750002000481,
      "metrics": {
        "accuracy": 0.9166666666666666,
        "balanced_accuracy": 0.9166666666666667,
        "precision_macro": 0.9171301446051168,
        "recall_macro": 0.9166666666666667,
        "f1_macro": 0.9166435120866907,
        "kappa": 0.8333333333333334,
        "auc": 0.9412345679012346,
        "loss": 0.3814489636156294
      }
    },
    {
      "subject_id": 11,
      "n_test": 180,
      "train_time_seconds": 201.6561650999938,
      "test_time_seconds": 0.09198709996417165,
      "metrics": {
        "accuracy": 0.8222222222222222,
        "balanced_accuracy": 0.8222222222222222,
        "precision_macro": 0.8222222222222222,
        "recall_macro": 0.8222222222222222,
        "f1_macro": 0.8222222222222222,
        "kappa": 0.6444444444444444,
        "auc": 0.8895061728395061,
        "loss": 0.8487712409761217
      }
    },
    {
      "subject_id": 12,
      "n_test": 180,
      "train_time_seconds": 201.34762409998802,
      "test_time_seconds": 0.07945659995311871,
      "metrics": {
        "accuracy": 0.7277777777777777,
        "balanced_accuracy": 0.7277777777777777,
        "precision_macro": 0.7312319839578895,
        "recall_macro": 0.7277777777777777,
        "f1_macro": 0.7267573344899161,
        "kappa": 0.4555555555555556,
        "auc": 0.8144444444444444,
        "loss": 0.9450101918644376
      }
    },
    {
      "subject_id": 13,
      "n_test": 180,
      "train_time_seconds": 202.69093169999542,
      "test_time_seconds": 0.08184719999553636,
      "metrics": {
        "accuracy": 0.6111111111111112,
        "balanced_accuracy": 0.6111111111111112,
        "precision_macro": 0.78125,
        "recall_macro": 0.6111111111111112,
        "f1_macro": 0.5418181818181818,
        "kappa": 0.2222222222222222,
        "auc": 0.9054320987654321,
        "loss": 3.062175496419271
      }
    },
    {
      "subject_id": 14,
      "n_test": 180,
      "train_time_seconds": 201.35967190004885,
      "test_time_seconds": 0.08072480000555515,
      "metrics": {
        "accuracy": 0.8222222222222222,
        "balanced_accuracy": 0.8222222222222222,
        "precision_macro": 0.8223814229249011,
        "recall_macro": 0.8222222222222222,
        "f1_macro": 0.8222002716384739,
        "kappa": 0.6444444444444444,