{
  "run_stamp": "0406_0100",
  "mode": "atcnet",
  "protocol": "LOSO",
  "seed": 42,
  "epochs": 40,
  "batch_size": 32,
  "lr": 0.001,
  "n_trials": 5220,
  "n_subjects": 29,
  "n_folds": 29,
  "summary": {
    "accuracy": {
      "mean": 0.7235632183908047,
      "std": 0.10575018785776603
    },
    "balanced_accuracy": {
      "mean": 0.7235632183908047,
      "std": 0.10575018785776603
    },
    "precision_macro": {
      "mean": 0.7476203467931135,
      "std": 0.09473156184223154
    },
    "recall_macro": {
      "mean": 0.7235632183908047,
      "std": 0.10575018785776603
    },
    "f1_macro": {
      "mean": 0.7115097352732762,
      "std": 0.12053748114761433
    },
    "kappa": {
      "mean": 0.4471264367816092,
      "std": 0.21150037571553204
    },
    "auc": {
      "mean": 0.8127607492550021,
      "std": 0.11033530831120181
    },
    "loss": {
      "mean": 1.3485634680937304,
      "std": 0.7883302324529302
    }
  },
  "fold_results": [
    {
      "subject_id": 1,
      "n_test": 180,
      "train_time_seconds": 170.70190300000831,
      "test_time_seconds": 0.21094499999890104,
      "metrics": {
        "accuracy": 0.7222222222222222,
        "balanced_accuracy": 0.7222222222222223,
        "precision_macro": 0.7337662337662337,
        "recall_macro": 0.7222222222222223,
        "f1_macro": 0.71875,
        "kappa": 0.4444444444444444,
        "auc": 0.8081481481481483,
        "loss": 1.8536648101276822
      }
    },
    {
      "subject_id": 2,
      "n_test": 180,
      "train_time_seconds": 164.28674780001165,
      "test_time_seconds": 0.07166100002359599,
      "metrics": {
        "accuracy": 0.7833333333333333,
        "balanced_accuracy": 0.7833333333333333,
        "precision_macro": 0.7876300288256675,
        "recall_macro": 0.7833333333333333,
        "f1_macro": 0.7825211437776882,
        "kappa": 0.5666666666666667,
        "auc": 0.8641975308641975,
        "loss": 0.6781966388225555
      }
    },
    {
      "subject_id": 3,
      "n_test": 180,
      "train_time_seconds": 164.62900590000208,
      "test_time_seconds": 0.07749669998884201,
      "metrics": {
        "accuracy": 0.6888888888888889,
        "balanced_accuracy": 0.6888888888888889,
        "precision_macro": 0.716223855285472,
        "recall_macro": 0.6888888888888889,
        "f1_macro": 0.6787353391126976,
        "kappa": 0.37777777777777777,
        "auc": 0.7935802469135803,
        "loss": 1.5122775594393412
      }
    },
    {
      "subject_id": 4,
      "n_test": 180,
      "train_time_seconds": 163.7158608000027,
      "test_time_seconds": 0.06913540000095963,
      "metrics": {
        "accuracy": 0.8555555555555555,
        "balanced_accuracy": 0.8555555555555555,
        "precision_macro": 0.8555555555555555,
        "recall_macro": 0.8555555555555555,
        "f1_macro": 0.8555555555555555,
        "kappa": 0.7111111111111111,
        "auc": 0.9309876543209877,
        "loss": 0.4291914847162035
      }
    },
    {
      "subject_id": 5,
      "n_test": 180,
      "train_time_seconds": 162.76753550005378,
      "test_time_seconds": 0.07395250000990927,
      "metrics": {
        "accuracy": 0.5666666666666667,
        "balanced_accuracy": 0.5666666666666667,
        "precision_macro": 0.5683198380566802,
        "recall_macro": 0.5666666666666667,
        "f1_macro": 0.5640293131288039,
        "kappa": 0.1333333333333333,
        "auc": 0.5896913580246914,
        "loss": 3.144292449951172
      }
    },
    {
      "subject_id": 6,
      "n_test": 180,
      "train_time_seconds": 163.37371339998208,
      "test_time_seconds": 0.0714970999979414,
      "metrics": {
        "accuracy": 0.8333333333333334,
        "balanced_accuracy": 0.8333333333333333,
        "precision_macro": 0.8636853448275862,
        "recall_macro": 0.8333333333333333,
        "f1_macro": 0.8297818686168201,
        "kappa": 0.6666666666666667,
        "auc": 0.9544444444444444,
        "loss": 0.5577695616417461
      }
    },
    {
      "subject_id": 7,
      "n_test": 180,
      "train_time_seconds": 163.51287799997954,
      "test_time_seconds": 0.06990989996120334,
      "metrics": {
        "accuracy": 0.7166666666666667,
        "balanced_accuracy": 0.7166666666666667,
        "precision_macro": 0.7979120692581905,
        "recall_macro": 0.7166666666666667,
        "f1_macro": 0.6959358749296147,
        "kappa": 0.43333333333333335,
        "auc": 0.9351851851851852,
        "loss": 1.300334252251519
      }
    },
    {
      "subject_id": 8,
      "n_test": 180,
      "train_time_seconds": 162.36299049999798,
      "test_time_seconds": 0.06847729999572039,
      "metrics": {
        "accuracy": 0.6722222222222223,
        "balanced_accuracy": 0.6722222222222223,
        "precision_macro": 0.6954055189802493,
        "recall_macro": 0.6722222222222223,
        "f1_macro": 0.6622029962785076,
        "kappa": 0.34444444444444444,
        "auc": 0.7511111111111111,
        "loss": 1.394890062014262
      }
    },
    {
      "subject_id": 9,
      "n_test": 180,
      "train_time_seconds": 161.666238899983,
      "test_time_seconds": 0.06930160004412755,
      "metrics": {
        "accuracy": 0.8166666666666667,
        "balanced_accuracy": 0.8166666666666667,
        "precision_macro": 0.8170189098998888,
        "recall_macro": 0.8166666666666667,
        "f1_macro": 0.8166157265907197,
        "kappa": 0.6333333333333333,
        "auc": 0.9059259259259259,
        "loss": 0.8151467667685615
      }
    },
    {
      "subject_id": 10,
      "n_test": 180,
      "train_time_seconds": 162.67915929999435,
      "test_time_seconds": 0.06939050002256408,
      "metrics": {
        "accuracy": 0.8722222222222222,
        "balanced_accuracy": 0.8722222222222222,
        "precision_macro": 0.8722681812569453,
        "recall_macro": 0.8722222222222222,
        "f1_macro": 0.8722182783419241,
        "kappa": 0.7444444444444445,
        "auc": 0.9144444444444444,
        "loss": 0.5353084943360753
      }
    },
    {
      "subject_id": 11,
      "n_test": 180,
      "train_time_seconds": 164.85139090003213,
      "test_time_seconds": 0.07263840001542121,
      "metrics": {
        "accuracy": 0.7333333333333333,
        "balanced_accuracy": 0.7333333333333334,
        "precision_macro": 0.735191637630662,
        "recall_macro": 0.7333333333333334,
        "f1_macro": 0.7328055418109847,
        "kappa": 0.4666666666666667,
        "auc": 0.8141975308641975,
        "loss": 1.1616074826982286
      }
    },
    {
      "subject_id": 12,
      "n_test": 180,
      "train_time_seconds": 161.68854539998574,
      "test_time_seconds": 0.071231700014323,
      "metrics": {
        "accuracy": 0.6444444444444445,
        "balanced_accuracy": 0.6444444444444444,
        "precision_macro": 0.6455948232951718,
        "recall_macro": 0.6444444444444444,
        "f1_macro": 0.6437407224146462,
        "kappa": 0.28888888888888886,
        "auc": 0.7096296296296296,
        "loss": 1.3588664929072063
      }
    },
    {
      "subject_id": 13,
      "n_test": 180,
      "train_time_seconds": 161.2286374999676,
      "test_time_seconds": 0.06990820000646636,
      "metrics": {
        "accuracy": 0.6722222222222223,
        "balanced_accuracy": 0.6722222222222223,
        "precision_macro": 0.753682487725041,
        "recall_macro": 0.6722222222222223,
        "f1_macro": 0.6436122017517366,
        "kappa": 0.34444444444444444,
        "auc": 0.8717283950617284,
        "loss": 1.9780092822180855
      }
    },
    {
      "subject_id": 14,
      "n_test": 180,
      "train_time_seconds": 161.59721610002453,
      "test_time_seconds": 0.06950049998704344,
      "metrics": {
        "accuracy": 0.8666666666666667,
        "balanced_accuracy": 0.8666666666666667,
        "precision_macro": 0.8668478260869565,
        "recall_macro": 0.8666666666666667,
        "f1_macro": 0.8666502037288555,
        "kappa": 0.7333333333333334,